last_name,last_name_real,first_name,up_2018,up_2020,up_2022,gender,type,state,district,party,person,race_ethnicity,white,black,latinx,asian,poc,lgbtqMurkowski,Murkowski,Lisa,0,0,1,F,sen,AK,1,Republican,400616,white,1,0,0,0,0,0Sullivan,Sullivan,Dan,0,1,0,M,sen,AK,2,Republican,400087,white,1,0,0,0,0,0Shelby,Shelby,Richard,0,0,1,M,sen,AL,1,Republican,412270,white,1,0,0,0,0,0Strange,Strange,Luther,0,1,0,M,sen,AL,2,Republican,400648,white,1,0,0,0,0,0Boozman,Boozman,John,0,0,1,M,sen,AR,1,Republican,400018,white,1,0,0,0,0,0Cotton,Cotton,Tom,0,1,0,M,sen,AR,2,Republican,412236,white,1,0,0,0,0,0Flake,Flake,Jeff,1,0,0,M,sen,AZ,2,Republican,412478,white,1,0,0,0,0,0McCain,McCain,John,0,0,1,M,sen,AZ,1,Republican,400052,white,1,0,0,0,0,0Feinstein,Feinstein,Dianne,1,0,0,F,sen,CA,1,Democrat,300043,white,1,0,0,0,0,0Harris,Harris,Kamala,0,0,1,F,sen,CA,2,Democrat,400100,"black, asian",0,1,0,1,1,0Bennet,Bennet,Michael,0,0,1,M,sen,CO,1,Democrat,412438,white,1,0,0,0,0,0Gardner,Gardner,Cory,0,1,0,M,sen,CO,2,Republican,400032,white,1,0,0,0,0,0Blumenthal,Blumenthal,Richard,0,0,1,M,sen,CT,1,Democrat,400013,white,1,0,0,0,0,0Murphy,Murphy,Christopher,1,0,0,M,sen,CT,2,Democrat,400057,white,1,0,0,0,0,0Carper,Carper,Thomas,1,0,0,M,sen,DE,1,Democrat,300019,white,1,0,0,0,0,0Coons,Coons,Chris,0,1,0,M,sen,DE,2,Democrat,412390,white,1,0,0,0,0,0Nelson,Nelson,Bill,1,0,0,M,sen,FL,1,Democrat,300078,white,1,0,0,0,0,0Rubio,Rubio,Marco,0,0,1,M,sen,FL,2,Republican,412269,latinx,0,0,1,0,1,0Isakson,Isakson,John,0,0,1,M,sen,GA,1,Republican,400041,white,1,0,0,0,0,0Perdue,Perdue,David,0,1,0,M,sen,GA,2,Republican,400657,white,1,0,0,0,0,0Hirono,Hirono,Mazie,1,0,0,F,sen,HI,2,Democrat,400034,asian,0,0,0,1,1,0Schatz,Schatz,Brian,0,0,1,M,sen,HI,1,Democrat,412271,white,1,0,0,0,0,0Ernst,Ernst,Joni,0,1,0,F,sen,IA,2,Republican,400089,white,1,0,0,0,0,0Grassley,Grassley,Charles,0,0,1,M,sen,IA,1,Republican,400033,white,1,0,0,0,0,0Crapo,Crapo,Michael,0,0,1,M,sen,ID,1,Republican,400029,white,1,0,0,0,0,0Risch,Risch,James,0,1,0,M,sen,ID,2,Republican,412322,white,1,0,0,0,0,0Duckworth,Duckworth,Tammy,0,0,1,F,sen,IL,2,Democrat,400077,asian,0,0,0,1,1,0Durbin,Durbin,Richard,0,1,0,M,sen,IL,1,Democrat,300038,white,1,0,0,0,0,0Donnelly,Donnelly,Joe,1,0,0,M,sen,IN,1,Democrat,400030,white,1,0,0,0,0,0Young,Young,Todd,0,0,1,M,sen,IN,2,Republican,400639,white,1,0,0,0,0,0Moran,Moran,Jerry,0,0,1,M,sen,KS,2,Republican,400054,white,1,0,0,0,0,0Roberts,Roberts,Pat,0,1,0,M,sen,KS,1,Republican,300083,white,1,0,0,0,0,0McConnell,McConnell,Mitch,0,1,0,M,sen,KY,1,Republican,300072,white,1,0,0,0,0,0Paul,Paul,Rand,0,0,1,M,sen,KY,2,Republican,400063,white,1,0,0,0,0,0Cassidy,Cassidy,Bill,0,1,0,M,sen,LA,1,Republican,412250,white,1,0,0,0,0,0Kennedy,Kennedy,John,0,0,1,M,sen,LA,2,Republican,400101,white,1,0,0,0,0,0Markey,Markey,Edward,0,1,0,M,sen,MA,2,Democrat,412427,white,1,0,0,0,0,0Warren,Warren,Elizabeth,1,0,0,F,sen,MA,1,Democrat,400655,white,1,0,0,0,0,0Cardin,Cardin,Benjamin,1,0,0,M,sen,MD,1,Democrat,400064,white,1,0,0,0,0,0Jr.,Van Hollen,Chris,0,0,1,M,sen,MD,2,Democrat,412221,white,1,0,0,0,0,0Collins,Collins,Susan,0,1,0,F,sen,ME,1,Republican,300025,white,1,0,0,0,0,0King,King,Angus,1,0,0,M,sen,ME,2,Independent,412272,white,1,0,0,0,0,0Peters,Peters,Gary,0,1,0,M,sen,MI,2,Democrat,412258,white,1,0,0,0,0,0Stabenow,Stabenow,Debbie,1,0,0,F,sen,MI,1,Democrat,300093,white,1,0,0,0,0,0Franken,Franken,Alan,0,1,0,M,sen,MN,2,Democrat,412378,white,1,0,0,0,0,0Klobuchar,Klobuchar,Amy,1,0,0,F,sen,MN,1,Democrat,412242,white,1,0,0,0,0,0Blunt,Blunt,Roy,0,0,1,M,sen,MO,2,Republican,412469,white,1,0,0,0,0,0McCaskill,McCaskill,Claire,1,0,0,F,sen,MO,1,Democrat,412243,white,1,0,0,0,0,0Cochran,Cochran,Thad,0,1,0,M,sen,MS,1,Republican,300023,white,1,0,0,0,0,0Wicker,Wicker,Roger,1,0,0,M,sen,MS,2,Republican,400432,white,1,0,0,0,0,0Daines,Daines,Steve,0,1,0,M,sen,MT,2,Republican,400080,white,1,0,0,0,0,0Tester,Tester,Jon,1,0,0,M,sen,MT,1,Democrat,412244,white,1,0,0,0,0,0Burr,Burr,Richard,0,0,1,M,sen,NC,1,Republican,412404,white,1,0,0,0,0,0Tillis,Tillis,Thom,0,1,0,M,sen,NC,2,Republican,400090,white,1,0,0,0,0,0Heitkamp,Heitkamp,Heidi,1,0,0,F,sen,ND,2,Democrat,400081,white,1,0,0,0,0,0Hoeven,Hoeven,John,0,0,1,M,sen,ND,1,Republican,400040,white,1,0,0,0,0,0Fischer,Fischer,Deb,1,0,0,F,sen,NE,1,Republican,400618,white,1,0,0,0,0,0Sasse,Sasse,Benjamin,0,1,0,M,sen,NE,2,Republican,400097,white,1,0,0,0,0,0Hassan,Hassan,Margaret,0,0,1,F,sen,NH,2,Democrat,400103,white,1,0,0,0,0,0Shaheen,Shaheen,Jeanne,0,1,0,F,sen,NH,1,Democrat,412323,white,1,0,0,0,0,0Booker,Booker,Cory,0,1,0,M,sen,NJ,2,Democrat,412400,black,0,1,0,0,1,0Menendez,Menendez,Robert,1,0,0,M,sen,NJ,1,Democrat,400272,latinx,0,0,1,0,1,0Heinrich,Heinrich,Martin,1,0,0,M,sen,NM,2,Democrat,412490,white,1,0,0,0,0,0Udall,Udall,Tom,0,1,0,M,sen,NM,1,Democrat,400413,white,1,0,0,0,0,0Masto,Cortez Masto,Catherine,0,0,1,F,sen,NV,2,Democrat,412403,latinx,0,0,1,0,1,0Heller,Heller,Dean,1,0,0,M,sen,NV,1,Republican,400075,white,1,0,0,0,0,0Gillibrand,Gillibrand,Kirsten,1,0,0,F,sen,NY,2,Democrat,412223,white,1,0,0,0,0,0Schumer,Schumer,Charles,0,0,1,M,sen,NY,1,Democrat,412195,white,1,0,0,0,0,0Brown,Brown,Sherrod,1,0,0,M,sen,OH,1,Democrat,400050,white,1,0,0,0,0,0Portman,Portman,Robert,0,0,1,M,sen,OH,2,Republican,400068,white,1,0,0,0,0,0Inhofe,Inhofe,James,0,1,0,M,sen,OK,1,Republican,300055,white,1,0,0,0,0,0Lankford,Lankford,James,0,0,1,M,sen,OK,2,Republican,400047,white,1,0,0,0,0,0Merkley,Merkley,Jeff,0,1,0,M,sen,OR,2,Democrat,412325,white,1,0,0,0,0,0Wyden,Wyden,Ron,0,0,1,M,sen,OR,1,Democrat,400074,white,1,0,0,0,0,0Jr.,Casey,Robert,1,0,0,M,sen,PA,1,Democrat,412246,white,1,0,0,0,0,0Toomey,Toomey,Patrick,0,0,1,M,sen,PA,2,Republican,412470,white,1,0,0,0,0,0Reed,Reed,John,0,1,0,M,sen,RI,1,Democrat,300081,white,1,0,0,0,0,0Whitehouse,Whitehouse,Sheldon,1,0,0,M,sen,RI,2,Democrat,412247,white,1,0,0,0,0,0Graham,Graham,Lindsey,0,1,0,M,sen,SC,1,Republican,300047,white,1,0,0,0,0,0Scott,Scott,Tim,0,0,1,M,sen,SC,2,Republican,400071,black,0,1,0,0,1,0Rounds,Rounds,Mike,0,1,0,M,sen,SD,2,Republican,400093,white,1,0,0,0,0,0Thune,Thune,John,0,0,1,M,sen,SD,1,Republican,412379,white,1,0,0,0,0,0Alexander,Alexander,Lamar,0,1,0,M,sen,TN,1,Republican,300002,white,1,0,0,0,0,0Corker,Corker,Bob,1,0,0,M,sen,TN,2,Republican,412248,white,1,0,0,0,0,0Cornyn,Cornyn,John,0,1,0,M,sen,TX,1,Republican,300027,white,1,0,0,0,0,0Cruz,Cruz,Ted,1,0,0,M,sen,TX,2,Republican,412193,latinx,0,0,1,0,1,0Hatch,Hatch,Orrin,1,0,0,M,sen,UT,1,Republican,300052,white,1,0,0,0,0,0Lee,Lee,Mike,0,0,1,M,sen,UT,2,Republican,412196,white,1,0,0,0,0,0Kaine,Kaine,Timothy,1,0,0,M,sen,VA,2,Democrat,300030,white,1,0,0,0,0,0Warner,Warner,Mark,0,1,0,M,sen,VA,1,Democrat,412321,white,1,0,0,0,0,0Leahy,Leahy,Patrick,0,0,1,M,sen,VT,1,Democrat,412395,white,1,0,0,0,0,0Sanders,Sanders,Bernard,1,0,0,M,sen,VT,2,Independent,400357,white,1,0,0,0,0,0Cantwell,Cantwell,Maria,1,0,0,F,sen,WA,2,Democrat,300018,white,1,0,0,0,0,0Murray,Murray,Patty,0,0,1,F,sen,WA,1,Democrat,400061,white,1,0,0,0,0,0Baldwin,Baldwin,Tammy,1,0,0,F,sen,WI,2,Democrat,400004,white,1,0,0,0,0,1Johnson,Johnson,Ron,0,0,1,M,sen,WI,1,Republican,400046,white,1,0,0,0,0,0Capito,Capito,Shelley,0,1,0,F,sen,WV,2,Republican,412330,white,1,0,0,0,0,0III,Manchin,Joe,1,0,0,M,sen,WV,1,Democrat,412391,white,1,0,0,0,0,0Barrasso,Barrasso,John,1,0,0,M,sen,WY,2,Republican,412251,white,1,0,0,0,0,0Enzi,Enzi,Michael,0,1,0,M,sen,WY,1,Republican,300041,white,1,0,0,0,0,0